<?xml version="1.0" encoding="UTF-8"?>
<zabbix_export>
    <version>3.4</version>
    <date>2018-03-12T09:46:05Z</date>
    <groups>
        <group>
            <name>jFund</name>
        </group>
    </groups>
    <templates>
        <template>
            <template>XM - Funds Template</template>
            <name>XM - Funds Template</name>
            <description/>
            <groups>
                <group>
                    <name>jFund</name>
                </group>
            </groups>
            <applications>
                <application>
                    <name>jFunds</name>
                </application>
            </applications>
            <items/>
            <discovery_rules>
                <discovery_rule>
                    <name>jFunds Strategy Discovery</name>
                    <type>2</type>
                    <snmp_community/>
                    <snmp_oid/>
                    <key>xm.jfunds.strategy.discovery</key>
                    <delay>0</delay>
                    <status>0</status>
                    <allowed_hosts/>
                    <snmpv3_contextname/>
                    <snmpv3_securityname/>
                    <snmpv3_securitylevel>0</snmpv3_securitylevel>
                    <snmpv3_authprotocol>0</snmpv3_authprotocol>
                    <snmpv3_authpassphrase/>
                    <snmpv3_privprotocol>0</snmpv3_privprotocol>
                    <snmpv3_privpassphrase/>
                    <params/>
                    <ipmi_sensor/>
                    <authtype>0</authtype>
                    <username/>
                    <password/>
                    <publickey/>
                    <privatekey/>
                    <port/>
                    <filter>
                        <evaltype>0</evaltype>
                        <formula/>
                        <conditions/>
                    </filter>
                    <lifetime>0</lifetime>
                    <description/>
                    <item_prototypes>
                        <item_prototype>
                            <name>Exposures for {#STRSYMNAME}</name>
                            <type>2</type>
                            <snmp_community/>
                            <snmp_oid/>
                            <key>xm.jfunds.strategy.exposures[{#STRSYMNAME}]</key>
                            <delay>0</delay>
                            <history>8d</history>
                            <trends>8d</trends>
                            <status>0</status>
                            <value_type>0</value_type>
                            <allowed_hosts/>
                            <units/>
                            <snmpv3_contextname/>
                            <snmpv3_securityname/>
                            <snmpv3_securitylevel>0</snmpv3_securitylevel>
                            <snmpv3_authprotocol>0</snmpv3_authprotocol>
                            <snmpv3_authpassphrase/>
                            <snmpv3_privprotocol>0</snmpv3_privprotocol>
                            <snmpv3_privpassphrase/>
                            <params/>
                            <ipmi_sensor/>
                            <authtype>0</authtype>
                            <username/>
                            <password/>
                            <publickey/>
                            <privatekey/>
                            <port/>
                            <description/>
                            <inventory_link>0</inventory_link>
                            <applications>
                                <application>
                                    <name>jFunds</name>
                                </application>
                            </applications>
                            <valuemap/>
                            <logtimefmt/>
                            <preprocessing/>
                            <jmx_endpoint/>
                            <application_prototypes/>
                            <master_item_prototype/>
                        </item_prototype>
                        <item_prototype>
                            <name>Trade requests for {#STRSYMNAME}</name>
                            <type>2</type>
                            <snmp_community/>
                            <snmp_oid/>
                            <key>xm.jfunds.strategy.requests[{#STRSYMNAME}]</key>
                            <delay>0</delay>
                            <history>8d</history>
                            <trends>8d</trends>
                            <status>0</status>
                            <value_type>0</value_type>
                            <allowed_hosts/>
                            <units/>
                            <snmpv3_contextname/>
                            <snmpv3_securityname/>
                            <snmpv3_securitylevel>0</snmpv3_securitylevel>
                            <snmpv3_authprotocol>0</snmpv3_authprotocol>
                            <snmpv3_authpassphrase/>
                            <snmpv3_privprotocol>0</snmpv3_privprotocol>
                            <snmpv3_privpassphrase/>
                            <params/>
                            <ipmi_sensor/>
                            <authtype>0</authtype>
                            <username/>
                            <password/>
                            <publickey/>
                            <privatekey/>
                            <port/>
                            <description/>
                            <inventory_link>0</inventory_link>
                            <applications>
                                <application>
                                    <name>jFunds</name>
                                </application>
                            </applications>
                            <valuemap/>
                            <logtimefmt/>
                            <preprocessing/>
                            <jmx_endpoint/>
                            <application_prototypes/>
                            <master_item_prototype/>
                        </item_prototype>
                        <item_prototype>
                            <name>Trades on {#STRSYMNAME}</name>
                            <type>2</type>
                            <snmp_community/>
                            <snmp_oid/>
                            <key>xm.jfunds.strategy.trades[{#STRSYMNAME}]</key>
                            <delay>0</delay>
                            <history>8d</history>
                            <trends>8d</trends>
                            <status>0</status>
                            <value_type>0</value_type>
                            <allowed_hosts/>
                            <units/>
                            <snmpv3_contextname/>
                            <snmpv3_securityname/>
                            <snmpv3_securitylevel>0</snmpv3_securitylevel>
                            <snmpv3_authprotocol>0</snmpv3_authprotocol>
                            <snmpv3_authpassphrase/>
                            <snmpv3_privprotocol>0</snmpv3_privprotocol>
                            <snmpv3_privpassphrase/>
                            <params/>
                            <ipmi_sensor/>
                            <authtype>0</authtype>
                            <username/>
                            <password/>
                            <publickey/>
                            <privatekey/>
                            <port/>
                            <description/>
                            <inventory_link>0</inventory_link>
                            <applications>
                                <application>
                                    <name>jFunds</name>
                                </application>
                            </applications>
                            <valuemap/>
                            <logtimefmt/>
                            <preprocessing/>
                            <jmx_endpoint/>
                            <application_prototypes/>
                            <master_item_prototype/>
                        </item_prototype>
                    </item_prototypes>
                    <trigger_prototypes>
                        <trigger_prototype>
                            <expression>{XM - Funds Template:xm.jfunds.strategy.exposures[{#STRSYMNAME}].last()}&gt;{#WARNEXPOSURE}</expression>
                            <recovery_mode>1</recovery_mode>
                            <recovery_expression>{XM - Funds Template:xm.jfunds.strategy.exposures[{#STRSYMNAME}].max(#10)}&lt;{#WARNEXPOSURE}</recovery_expression>
                            <name>jFund: AC Exposure above warning level {#WARNEXPOSURE} for {#STRSYMNAME}</name>
                            <correlation_mode>0</correlation_mode>
                            <correlation_tag/>
                            <url/>
                            <status>0</status>
                            <priority>2</priority>
                            <description/>
                            <type>0</type>
                            <manual_close>1</manual_close>
                            <dependencies>
                                <dependency>
                                    <name>jFund: Blocking attempts to push AC Exposure above critical level {#DANGEREXPOSURE} for {#STRSYMNAME}</name>
                                    <expression>{XM - Funds Template:xm.jfunds.strategy.exposures[{#STRSYMNAME}].last()}&gt;{#DANGEREXPOSURE}</expression>
                                    <recovery_expression>{XM - Funds Template:xm.jfunds.strategy.exposures[{#STRSYMNAME}].max(#10)}&lt;{#WARNEXPOSURE}</recovery_expression>
                                </dependency>
                            </dependencies>
                            <tags/>
                        </trigger_prototype>
                        <trigger_prototype>
                            <expression>{XM - Funds Template:xm.jfunds.strategy.exposures[{#STRSYMNAME}].last()}&gt;{#DANGEREXPOSURE}</expression>
                            <recovery_mode>1</recovery_mode>
                            <recovery_expression>{XM - Funds Template:xm.jfunds.strategy.exposures[{#STRSYMNAME}].max(#10)}&lt;{#WARNEXPOSURE}</recovery_expression>
                            <name>jFund: Blocking attempts to push AC Exposure above critical level {#DANGEREXPOSURE} for {#STRSYMNAME}</name>
                            <correlation_mode>0</correlation_mode>
                            <correlation_tag/>
                            <url/>
                            <status>0</status>
                            <priority>2</priority>
                            <description/>
                            <type>0</type>
                            <manual_close>1</manual_close>
                            <dependencies/>
                            <tags/>
                        </trigger_prototype>
                        <trigger_prototype>
                            <expression>{XM - Funds Template:xm.jfunds.strategy.requests[{#STRSYMNAME}].last()}&gt;{#DANGERTRADESIZELIMIT}</expression>
                            <recovery_mode>1</recovery_mode>
                            <recovery_expression>{XM - Funds Template:xm.jfunds.strategy.requests[{#STRSYMNAME}].last()}&lt;{#WARNTRADESIZELIMIT}</recovery_expression>
                            <name>jFund: Blocking single trade request above danger limit {#DANGERTRADESIZELIMIT} for {#STRSYMNAME}</name>
                            <correlation_mode>0</correlation_mode>
                            <correlation_tag/>
                            <url/>
                            <status>0</status>
                            <priority>2</priority>
                            <description/>
                            <type>0</type>
                            <manual_close>1</manual_close>
                            <dependencies>
                                <dependency>
                                    <name>jFund: Blocking attempts to push AC Exposure above critical level {#DANGEREXPOSURE} for {#STRSYMNAME}</name>
                                    <expression>{XM - Funds Template:xm.jfunds.strategy.exposures[{#STRSYMNAME}].last()}&gt;{#DANGEREXPOSURE}</expression>
                                    <recovery_expression>{XM - Funds Template:xm.jfunds.strategy.exposures[{#STRSYMNAME}].max(#10)}&lt;{#WARNEXPOSURE}</recovery_expression>
                                </dependency>
                            </dependencies>
                            <tags/>
                        </trigger_prototype>
                        <trigger_prototype>
                            <expression>{XM - Funds Template:xm.jfunds.strategy.exposures[{#STRSYMNAME}].nodata(5m)}=1 and {#TRACKNODATARECEIVED}=1</expression>
                            <recovery_mode>0</recovery_mode>
                            <recovery_expression/>
                            <name>jFund: No data received from system for 5 minutes. Long DC of servers or program crash</name>
                            <correlation_mode>0</correlation_mode>
                            <correlation_tag/>
                            <url/>
                            <status>0</status>
                            <priority>5</priority>
                            <description/>
                            <type>0</type>
                            <manual_close>1</manual_close>
                            <dependencies/>
                            <tags/>
                        </trigger_prototype>
                        <trigger_prototype>
                            <expression>{XM - Funds Template:xm.jfunds.strategy.trades[{#STRSYMNAME}].min(1m)}&lt;0</expression>
                            <recovery_mode>0</recovery_mode>
                            <recovery_expression/>
                            <name>jFund: Removed strategy {#STRATEGYID} due to opening {#DANGERFREQUENCYLIMIT} trades in one minute</name>
                            <correlation_mode>0</correlation_mode>
                            <correlation_tag/>
                            <url/>
                            <status>0</status>
                            <priority>2</priority>
                            <description/>
                            <type>0</type>
                            <manual_close>1</manual_close>
                            <dependencies/>
                            <tags/>
                        </trigger_prototype>
                        <trigger_prototype>
                            <expression>{XM - Funds Template:xm.jfunds.strategy.trades[{#STRSYMNAME}].count(1m)}&gt;{#WARNFREQUENCYLIMIT} and {XM - Funds Template:xm.jfunds.strategy.trades[{#STRSYMNAME}].nodata(1m)}=0</expression>
                            <recovery_mode>0</recovery_mode>
                            <recovery_expression/>
                            <name>jFund: Trade frequency above warning level for {#STRSYMNAME}</name>
                            <correlation_mode>0</correlation_mode>
                            <correlation_tag/>
                            <url/>
                            <status>0</status>
                            <priority>2</priority>
                            <description/>
                            <type>0</type>
                            <manual_close>1</manual_close>
                            <dependencies>
                                <dependency>
                                    <name>jFund: Removed strategy {#STRATEGYID} due to opening {#DANGERFREQUENCYLIMIT} trades in one minute</name>
                                    <expression>{XM - Funds Template:xm.jfunds.strategy.trades[{#STRSYMNAME}].min(1m)}&lt;0</expression>
                                    <recovery_expression/>
                                </dependency>
                            </dependencies>
                            <tags/>
                        </trigger_prototype>
                        <trigger_prototype>
                            <expression>{XM - Funds Template:xm.jfunds.strategy.requests[{#STRSYMNAME}].last()}&gt;{#WARNTRADESIZELIMIT}</expression>
                            <recovery_mode>0</recovery_mode>
                            <recovery_expression/>
                            <name>jFund: Trade request above warning level {#WARNTRADESIZELIMIT} for {#STRSYMNAME}</name>
                            <correlation_mode>0</correlation_mode>
                            <correlation_tag/>
                            <url/>
                            <status>0</status>
                            <priority>2</priority>
                            <description/>
                            <type>0</type>
                            <manual_close>1</manual_close>
                            <dependencies>
                                <dependency>
                                    <name>jFund: Blocking attempts to push AC Exposure above critical level {#DANGEREXPOSURE} for {#STRSYMNAME}</name>
                                    <expression>{XM - Funds Template:xm.jfunds.strategy.exposures[{#STRSYMNAME}].last()}&gt;{#DANGEREXPOSURE}</expression>
                                    <recovery_expression>{XM - Funds Template:xm.jfunds.strategy.exposures[{#STRSYMNAME}].max(#10)}&lt;{#WARNEXPOSURE}</recovery_expression>
                                </dependency>
                            </dependencies>
                            <tags/>
                        </trigger_prototype>
                    </trigger_prototypes>
                    <graph_prototypes>
                        <graph_prototype>
                            <name>Exposure over time for {#STRSYMNAME}</name>
                            <width>900</width>
                            <height>200</height>
                            <yaxismin>0.0000</yaxismin>
                            <yaxismax>100.0000</yaxismax>
                            <show_work_period>1</show_work_period>
                            <show_triggers>1</show_triggers>
                            <type>0</type>
                            <show_legend>1</show_legend>
                            <show_3d>0</show_3d>
                            <percent_left>0.0000</percent_left>
                            <percent_right>0.0000</percent_right>
                            <ymin_type_1>0</ymin_type_1>
                            <ymax_type_1>0</ymax_type_1>
                            <ymin_item_1>0</ymin_item_1>
                            <ymax_item_1>0</ymax_item_1>
                            <graph_items>
                                <graph_item>
                                    <sortorder>0</sortorder>
                                    <drawtype>3</drawtype>
                                    <color>1A7C11</color>
                                    <yaxisside>0</yaxisside>
                                    <calc_fnc>7</calc_fnc>
                                    <type>0</type>
                                    <item>
                                        <host>XM - Funds Template</host>
                                        <key>xm.jfunds.strategy.exposures[{#STRSYMNAME}]</key>
                                    </item>
                                </graph_item>
                            </graph_items>
                        </graph_prototype>
                        <graph_prototype>
                            <name>Trade requests for {#STRSYMNAME}</name>
                            <width>900</width>
                            <height>200</height>
                            <yaxismin>0.0000</yaxismin>
                            <yaxismax>100.0000</yaxismax>
                            <show_work_period>1</show_work_period>
                            <show_triggers>1</show_triggers>
                            <type>0</type>
                            <show_legend>1</show_legend>
                            <show_3d>0</show_3d>
                            <percent_left>0.0000</percent_left>
                            <percent_right>0.0000</percent_right>
                            <ymin_type_1>0</ymin_type_1>
                            <ymax_type_1>0</ymax_type_1>
                            <ymin_item_1>0</ymin_item_1>
                            <ymax_item_1>0</ymax_item_1>
                            <graph_items>
                                <graph_item>
                                    <sortorder>0</sortorder>
                                    <drawtype>3</drawtype>
                                    <color>F63100</color>
                                    <yaxisside>0</yaxisside>
                                    <calc_fnc>7</calc_fnc>
                                    <type>0</type>
                                    <item>
                                        <host>XM - Funds Template</host>
                                        <key>xm.jfunds.strategy.requests[{#STRSYMNAME}]</key>
                                    </item>
                                </graph_item>
                            </graph_items>
                        </graph_prototype>
                        <graph_prototype>
                            <name>Trades for {#STRSYMNAME}</name>
                            <width>900</width>
                            <height>200</height>
                            <yaxismin>0.0000</yaxismin>
                            <yaxismax>100.0000</yaxismax>
                            <show_work_period>1</show_work_period>
                            <show_triggers>1</show_triggers>
                            <type>0</type>
                            <show_legend>1</show_legend>
                            <show_3d>0</show_3d>
                            <percent_left>0.0000</percent_left>
                            <percent_right>0.0000</percent_right>
                            <ymin_type_1>0</ymin_type_1>
                            <ymax_type_1>0</ymax_type_1>
                            <ymin_item_1>0</ymin_item_1>
                            <ymax_item_1>0</ymax_item_1>
                            <graph_items>
                                <graph_item>
                                    <sortorder>0</sortorder>
                                    <drawtype>3</drawtype>
                                    <color>1A7C11</color>
                                    <yaxisside>0</yaxisside>
                                    <calc_fnc>7</calc_fnc>
                                    <type>0</type>
                                    <item>
                                        <host>XM - Funds Template</host>
                                        <key>xm.jfunds.strategy.trades[{#STRSYMNAME}]</key>
                                    </item>
                                </graph_item>
                            </graph_items>
                        </graph_prototype>
                    </graph_prototypes>
                    <host_prototypes/>
                    <jmx_endpoint/>
                </discovery_rule>
            </discovery_rules>
            <httptests/>
            <macros/>
            <templates/>
            <screens/>
        </template>
    </templates>
</zabbix_export>
